skip,cohort,root,wall_type,:wall_base_cavity_insul,:wall_base_cont_insul,:roof_base_cont_insul,:window_u,:window_shgc,:window_transmittance,:floor_base_cont_insul
,Asm&0&cNCGF&Ex&WaterHtg_eq__Boiler_Et,Asm/templates/root.pxt,Mass Heavy,"%= codes.lookup(""Opaque Envelope Requirements | Climate Zone #{climate_zone}"", ""Walls Above Grade | Mass Heavy"", ""Cavity R-Value"")['R-IP']","%= (1/codes.lookup(""Opaque Envelope Requirements | Climate Zone #{climate_zone}"", ""Walls Above Grade | Metal Framed"", ""Maximum U-Factor"")-1.49)['R-IP']","%= (1/codes.lookup(""Opaque Envelope Requirements | Climate Zone #{climate_zone}"", ""Roofs | Metal Buildings"", ""Maximum U-Factor"")-0.78)['R-IP']","%= (codes.lookup(""Fenestration Requirements | Climate Zone #{climate_zone}"", ""Fixed Window"", ""U-Factor""))['U-IP']","%= (codes.lookup(""Fenestration Requirements | Climate Zone #{climate_zone}"", ""Fixed Window"", ""SHGC""))","%= (codes.lookup(""Fenestration Requirements | Climate Zone #{climate_zone}"", ""Fixed Window"", ""VT""))","%= ((1/codes.lookup(""Opaque Envelope Requirements | Climate Zone #{climate_zone}"", ""Floors | Other"", ""Maximum U-Factor""))-4.261)['R-IP']"
,ECC&0&cNCGF&Ex&WaterHtg_eq__Boiler_Et,ECC/templates/root.pxt,Mass Heavy,"%= codes.lookup(""Opaque Envelope Requirements | Climate Zone #{climate_zone}"", ""Walls Above Grade | Mass Heavy"", ""Cavity R-Value"")['R-IP']","%= (1/codes.lookup(""Opaque Envelope Requirements | Climate Zone #{climate_zone}"", ""Walls Above Grade | Mass Heavy"", ""Maximum U-Factor"")-1.49)['R-IP']","%= (1/codes.lookup(""Opaque Envelope Requirements | Climate Zone #{climate_zone}"", ""Roofs | Metal Buildings"", ""Maximum U-Factor"")-0.78)['R-IP']","%= (codes.lookup(""Fenestration Requirements | Climate Zone #{climate_zone}"", ""Fixed Window"", ""U-Factor""))['U-IP']","%= (codes.lookup(""Fenestration Requirements | Climate Zone #{climate_zone}"", ""Fixed Window"", ""SHGC""))","%= (codes.lookup(""Fenestration Requirements | Climate Zone #{climate_zone}"", ""Fixed Window"", ""VT""))","%= ((1/codes.lookup(""Opaque Envelope Requirements | Climate Zone #{climate_zone}"", ""Floors | Other"", ""Maximum U-Factor""))-4.261)['R-IP']"
,EPr&0&cNCGF&Ex&WaterHtg_eq__Boiler_Et,EPr/templates/root.pxt,Wood Frame,"%= codes.lookup(""Opaque Envelope Requirements | Climate Zone #{climate_zone}"", ""Walls Above Grade | Wood Framed and Other"", ""Cavity R-Value"")['R-IP']","%= (1/codes.lookup(""Opaque Envelope Requirements | Climate Zone #{climate_zone}"", ""Walls Above Grade | Wood Framed and Other"", ""Maximum U-Factor"")-1.49)['R-IP']","%= (1/codes.lookup(""Opaque Envelope Requirements | Climate Zone #{climate_zone}"", ""Roofs | Wood Framed and Other"", ""Maximum U-Factor"")-0.78)['R-IP']","%= (codes.lookup(""Fenestration Requirements | Climate Zone #{climate_zone}"", ""Fixed Window"", ""U-Factor""))['U-IP']","%= (codes.lookup(""Fenestration Requirements | Climate Zone #{climate_zone}"", ""Fixed Window"", ""SHGC""))","%= (codes.lookup(""Fenestration Requirements | Climate Zone #{climate_zone}"", ""Fixed Window"", ""VT""))","%= ((1/codes.lookup(""Opaque Envelope Requirements | Climate Zone #{climate_zone}"", ""Floors | Other"", ""Maximum U-Factor""))-4.261)['R-IP']"
,ERC&0&cNCGF&Ex&WaterHtg_eq__Boiler_Et,ERC/templates/root.pxt,Wood Frame,"%= codes.lookup(""Opaque Envelope Requirements | Climate Zone #{climate_zone}"", ""Walls Above Grade | Wood Framed and Other"", ""Cavity R-Value"")['R-IP']","%= (1/codes.lookup(""Opaque Envelope Requirements | Climate Zone #{climate_zone}"", ""Walls Above Grade | Wood Framed and Other"", ""Maximum U-Factor"")-1.49)['R-IP']","%= (1/codes.lookup(""Opaque Envelope Requirements | Climate Zone #{climate_zone}"", ""Roofs | Wood Framed and Other"", ""Maximum U-Factor"")-0.78)['R-IP']","%= (codes.lookup(""Fenestration Requirements | Climate Zone #{climate_zone}"", ""Fixed Window"", ""U-Factor""))['U-IP']","%= (codes.lookup(""Fenestration Requirements | Climate Zone #{climate_zone}"", ""Fixed Window"", ""SHGC""))","%= (codes.lookup(""Fenestration Requirements | Climate Zone #{climate_zone}"", ""Fixed Window"", ""VT""))","%= ((1/codes.lookup(""Opaque Envelope Requirements | Climate Zone #{climate_zone}"", ""Floors | Other"", ""Maximum U-Factor""))-4.261)['R-IP']"
,ESe&0&cNCGF&Ex&WaterHtg_eq__Boiler_Et,ESe/templates/root.pxt,Mass Heavy,"%= codes.lookup(""Opaque Envelope Requirements | Climate Zone #{climate_zone}"", ""Walls Above Grade | Mass Heavy"", ""Cavity R-Value"")['R-IP']","%= (1/codes.lookup(""Opaque Envelope Requirements | Climate Zone #{climate_zone}"", ""Walls Above Grade | Mass Heavy"", ""Maximum U-Factor"")-1.49)['R-IP']","%= (1/codes.lookup(""Opaque Envelope Requirements | Climate Zone #{climate_zone}"", ""Roofs | Wood Framed and Other"", ""Maximum U-Factor"")-0.78)['R-IP']","%= (codes.lookup(""Fenestration Requirements | Climate Zone #{climate_zone}"", ""Fixed Window"", ""U-Factor""))['U-IP']","%= (codes.lookup(""Fenestration Requirements | Climate Zone #{climate_zone}"", ""Fixed Window"", ""SHGC""))","%= (codes.lookup(""Fenestration Requirements | Climate Zone #{climate_zone}"", ""Fixed Window"", ""VT""))","%= ((1/codes.lookup(""Opaque Envelope Requirements | Climate Zone #{climate_zone}"", ""Floors | Other"", ""Maximum U-Factor""))-4.261)['R-IP']"
,EUn&0&cNCGF&Ex&WaterHtg_eq__Boiler_Et,EUn/templates/root.pxt,Mass Heavy,"%= codes.lookup(""Opaque Envelope Requirements | Climate Zone #{climate_zone}"", ""Walls Above Grade | Mass Heavy"", ""Cavity R-Value"")['R-IP']","%= (1/codes.lookup(""Opaque Envelope Requirements | Climate Zone #{climate_zone}"", ""Walls Above Grade | Metal Framed"", ""Maximum U-Factor"")-1.49)['R-IP']","%= (1/codes.lookup(""Opaque Envelope Requirements | Climate Zone #{climate_zone}"", ""Roofs | Metal Buildings"", ""Maximum U-Factor"")-0.78)['R-IP']","%= (codes.lookup(""Fenestration Requirements | Climate Zone #{climate_zone}"", ""Fixed Window"", ""U-Factor""))['U-IP']","%= (codes.lookup(""Fenestration Requirements | Climate Zone #{climate_zone}"", ""Fixed Window"", ""SHGC""))","%= (codes.lookup(""Fenestration Requirements | Climate Zone #{climate_zone}"", ""Fixed Window"", ""VT""))","%= ((1/codes.lookup(""Opaque Envelope Requirements | Climate Zone #{climate_zone}"", ""Floors | Other"", ""Maximum U-Factor""))-4.261)['R-IP']"
#,Fin&0&cNCGF&Ex&WaterHtg_eq__Boiler_Et,Fin/templates/root.pxt,steel-frame,"%= codes.lookup(""Opaque Envelope Requirements | Climate Zone #{climate_zone}"", ""Walls Above Grade | Metal Framed"", ""Cavity R-Value"")['R-IP']","%= (1/codes.lookup(""Opaque Envelope Requirements | Climate Zone #{climate_zone}"", ""Walls Above Grade | Metal Framed"", ""Maximum U-Factor"")-1.49)['R-IP']","%= (1/codes.lookup(""Opaque Envelope Requirements | Climate Zone #{climate_zone}"", ""Roofs | Wood Framed and Other"", ""Maximum U-Factor"")-0.78)['R-IP']","%= (codes.lookup(""Fenestration Requirements | Climate Zone #{climate_zone}"", ""Fixed Window"", ""U-Factor""))['U-IP']","%= (codes.lookup(""Fenestration Requirements | Climate Zone #{climate_zone}"", ""Fixed Window"", ""SHGC""))","%= (codes.lookup(""Fenestration Requirements | Climate Zone #{climate_zone}"", ""Fixed Window"", ""VT""))","%= ((1/codes.lookup(""Opaque Envelope Requirements | Climate Zone #{climate_zone}"", ""Floors | Other"", ""Maximum U-Factor""))-4.261)['R-IP']"
,Gro&0&cNCGF&Ex&WaterHtg_eq__Boiler_Et,Gro/templates/root.pxt,Mass Heavy,"%= codes.lookup(""Opaque Envelope Requirements | Climate Zone #{climate_zone}"", ""Walls Above Grade | Mass Heavy"", ""Cavity R-Value"")['R-IP']","%= (1/codes.lookup(""Opaque Envelope Requirements | Climate Zone #{climate_zone}"", ""Walls Above Grade | Metal Framed"", ""Maximum U-Factor"")-1.49)['R-IP']","%= (1/codes.lookup(""Opaque Envelope Requirements | Climate Zone #{climate_zone}"", ""Roofs | Metal Buildings"", ""Maximum U-Factor"")-0.78)['R-IP']","%= (codes.lookup(""Fenestration Requirements | Climate Zone #{climate_zone}"", ""Fixed Window"", ""U-Factor""))['U-IP']","%= (codes.lookup(""Fenestration Requirements | Climate Zone #{climate_zone}"", ""Fixed Window"", ""SHGC""))","%= (codes.lookup(""Fenestration Requirements | Climate Zone #{climate_zone}"", ""Fixed Window"", ""VT""))","%= ((1/codes.lookup(""Opaque Envelope Requirements | Climate Zone #{climate_zone}"", ""Floors | Other"", ""Maximum U-Factor""))-4.261)['R-IP']"
,Hsp&0&cNCGF&Ex&WaterHtg_eq__Boiler_Et,Hsp/templates/root.pxt,Mass Heavy,"%= codes.lookup(""Opaque Envelope Requirements | Climate Zone #{climate_zone}"", ""Walls Above Grade | Mass Heavy"", ""Cavity R-Value"")['R-IP']","%= (1/codes.lookup(""Opaque Envelope Requirements | Climate Zone #{climate_zone}"", ""Walls Above Grade | Mass Heavy"", ""Maximum U-Factor"")-1.49)['R-IP']","%= (1/codes.lookup(""Opaque Envelope Requirements | Climate Zone #{climate_zone}"", ""Roofs | Metal Buildings"", ""Maximum U-Factor"")-0.78)['R-IP']","%= (codes.lookup(""Fenestration Requirements | Climate Zone #{climate_zone}"", ""Fixed Window"", ""U-Factor""))['U-IP']","%= (codes.lookup(""Fenestration Requirements | Climate Zone #{climate_zone}"", ""Fixed Window"", ""SHGC""))","%= (codes.lookup(""Fenestration Requirements | Climate Zone #{climate_zone}"", ""Fixed Window"", ""VT""))","%= ((1/codes.lookup(""Opaque Envelope Requirements | Climate Zone #{climate_zone}"", ""Floors | Other"", ""Maximum U-Factor""))-4.261)['R-IP']"
#,Htl&0&cNCGF&Ex&WaterHtg_eq__Boiler_Et,Htl/templates/root.pxt,Mass Heavy,"%= codes.lookup(""Opaque Envelope Requirements | Climate Zone #{climate_zone}"", ""Walls Above Grade | Mass Heavy"", ""Cavity R-Value"")['R-IP']","%= (1/codes.lookup(""Opaque Envelope Requirements | Climate Zone #{climate_zone}"", ""Walls Above Grade | Metal Framed"", ""Maximum U-Factor"")-1.49)['R-IP']","%= (1/codes.lookup(""Opaque Envelope Requirements | Climate Zone #{climate_zone}"", ""Roofs | Metal Buildings"", ""Maximum U-Factor"")-0.78)['R-IP']","%= (codes.lookup(""Fenestration Requirements | Climate Zone #{climate_zone}"", ""Fixed Window"", ""U-Factor""))['U-IP']","%= (codes.lookup(""Fenestration Requirements | Climate Zone #{climate_zone}"", ""Fixed Window"", ""SHGC""))","%= (codes.lookup(""Fenestration Requirements | Climate Zone #{climate_zone}"", ""Fixed Window"", ""VT""))","%= ((1/codes.lookup(""Opaque Envelope Requirements | Climate Zone #{climate_zone}"", ""Floors | Other"", ""Maximum U-Factor""))-4.261)['R-IP']"
#,Lib&0&cNCGF&Ex&WaterHtg_eq__Boiler_Et,Lib/templates/root.pxt,steel-frame,"%= codes.lookup(""Opaque Envelope Requirements | Climate Zone #{climate_zone}"", ""Walls Above Grade | Metal Framed"", ""Cavity R-Value"")['R-IP']","%= (1/codes.lookup(""Opaque Envelope Requirements | Climate Zone #{climate_zone}"", ""Walls Above Grade | Metal Framed"", ""Maximum U-Factor"")-1.49)['R-IP']","%= (1/codes.lookup(""Opaque Envelope Requirements | Climate Zone #{climate_zone}"", ""Roofs | Wood Framed and Other"", ""Maximum U-Factor"")-0.78)['R-IP']","%= (codes.lookup(""Fenestration Requirements | Climate Zone #{climate_zone}"", ""Fixed Window"", ""U-Factor""))['U-IP']","%= (codes.lookup(""Fenestration Requirements | Climate Zone #{climate_zone}"", ""Fixed Window"", ""SHGC""))","%= (codes.lookup(""Fenestration Requirements | Climate Zone #{climate_zone}"", ""Fixed Window"", ""VT""))","%= ((1/codes.lookup(""Opaque Envelope Requirements | Climate Zone #{climate_zone}"", ""Floors | Other"", ""Maximum U-Factor""))-4.261)['R-IP']"
,MBT&0&cNCGF&Ex&WaterHtg_eq__Boiler_Et,MBT/templates/root.pxt,Metal Frame,"%= codes.lookup(""Opaque Envelope Requirements | Climate Zone #{climate_zone}"", ""Walls Above Grade | Metal Framed"", ""Cavity R-Value"")['R-IP']","%= (1/codes.lookup(""Opaque Envelope Requirements | Climate Zone #{climate_zone}"", ""Walls Above Grade | Metal Framed"", ""Maximum U-Factor"")-1.49)['R-IP']","%= (1/codes.lookup(""Opaque Envelope Requirements | Climate Zone #{climate_zone}"", ""Roofs | Metal Buildings"", ""Maximum U-Factor"")-0.78)['R-IP']","%= (codes.lookup(""Fenestration Requirements | Climate Zone #{climate_zone}"", ""Fixed Window"", ""U-Factor""))['U-IP']","%= (codes.lookup(""Fenestration Requirements | Climate Zone #{climate_zone}"", ""Fixed Window"", ""SHGC""))","%= (codes.lookup(""Fenestration Requirements | Climate Zone #{climate_zone}"", ""Fixed Window"", ""VT""))","%= ((1/codes.lookup(""Opaque Envelope Requirements | Climate Zone #{climate_zone}"", ""Floors | Other"", ""Maximum U-Factor""))-4.261)['R-IP']"
,MLI&0&cNCGF&Ex&WaterHtg_eq__Boiler_Et,MLI/templates/root.pxt,Mass Heavy,"%= codes.lookup(""Opaque Envelope Requirements | Climate Zone #{climate_zone}"", ""Walls Above Grade | Mass Heavy"", ""Cavity R-Value"")['R-IP']","%= (1/codes.lookup(""Opaque Envelope Requirements | Climate Zone #{climate_zone}"", ""Walls Above Grade | Metal Framed"", ""Maximum U-Factor"")-1.49)['R-IP']","%= (1/codes.lookup(""Opaque Envelope Requirements | Climate Zone #{climate_zone}"", ""Roofs | Metal Buildings"", ""Maximum U-Factor"")-0.78)['R-IP']","%= (codes.lookup(""Fenestration Requirements | Climate Zone #{climate_zone}"", ""Fixed Window"", ""U-Factor""))['U-IP']","%= (codes.lookup(""Fenestration Requirements | Climate Zone #{climate_zone}"", ""Fixed Window"", ""SHGC""))","%= (codes.lookup(""Fenestration Requirements | Climate Zone #{climate_zone}"", ""Fixed Window"", ""VT""))","%= ((1/codes.lookup(""Opaque Envelope Requirements | Climate Zone #{climate_zone}"", ""Floors | Other"", ""Maximum U-Factor""))-4.261)['R-IP']"
,Mtl&0&cNCGF&Ex&WaterHtg_eq__Boiler_Et,Mtl/templates/root.pxt,Wood Frame,"%= codes.lookup(""Opaque Envelope Requirements | Climate Zone #{climate_zone}"", ""Walls Above Grade | Wood Framed and Other"", ""Cavity R-Value"")['R-IP']","%= (1/codes.lookup(""Opaque Envelope Requirements | Climate Zone #{climate_zone}"", ""Walls Above Grade | Wood Framed and Other"", ""Maximum U-Factor"")-1.49)['R-IP']","%= (1/codes.lookup(""Opaque Envelope Requirements | Climate Zone #{climate_zone}"", ""Roofs | Wood Framed and Other"", ""Maximum U-Factor"")-0.78)['R-IP']","%= (codes.lookup(""Fenestration Requirements | Climate Zone #{climate_zone}"", ""Fixed Window"", ""U-Factor""))['U-IP']","%= (codes.lookup(""Fenestration Requirements | Climate Zone #{climate_zone}"", ""Fixed Window"", ""SHGC""))","%= (codes.lookup(""Fenestration Requirements | Climate Zone #{climate_zone}"", ""Fixed Window"", ""VT""))","%= ((1/codes.lookup(""Opaque Envelope Requirements | Climate Zone #{climate_zone}"", ""Floors | Other"", ""Maximum U-Factor""))-4.261)['R-IP']"
,Nrs&0&cNCGF&Ex&WaterHtg_eq__Boiler_Et,Nrs/templates/root.pxt,Wood Frame,"%= codes.lookup(""Opaque Envelope Requirements | Climate Zone #{climate_zone}"", ""Walls Above Grade | Wood Framed and Other"", ""Cavity R-Value"")['R-IP']","%= (1/codes.lookup(""Opaque Envelope Requirements | Climate Zone #{climate_zone}"", ""Walls Above Grade | Wood Framed and Other"", ""Maximum U-Factor"")-1.49)['R-IP']","%= (1/codes.lookup(""Opaque Envelope Requirements | Climate Zone #{climate_zone}"", ""Roofs | Wood Framed and Other"", ""Maximum U-Factor"")-0.78)['R-IP']","%= (codes.lookup(""Fenestration Requirements | Climate Zone #{climate_zone}"", ""Fixed Window"", ""U-Factor""))['U-IP']","%= (codes.lookup(""Fenestration Requirements | Climate Zone #{climate_zone}"", ""Fixed Window"", ""SHGC""))","%= (codes.lookup(""Fenestration Requirements | Climate Zone #{climate_zone}"", ""Fixed Window"", ""VT""))","%= ((1/codes.lookup(""Opaque Envelope Requirements | Climate Zone #{climate_zone}"", ""Floors | Other"", ""Maximum U-Factor""))-4.261)['R-IP']"
,OfL&0&cNCGF&Ex&WaterHtg_eq__Boiler_Et,OfL/templates/root.pxt,Metal Frame,"%= codes.lookup(""Opaque Envelope Requirements | Climate Zone #{climate_zone}"", ""Walls Above Grade | Metal Framed"", ""Cavity R-Value"")['R-IP']","%= (1/codes.lookup(""Opaque Envelope Requirements | Climate Zone #{climate_zone}"", ""Walls Above Grade | Metal Framed"", ""Maximum U-Factor"")-1.49)['R-IP']","%= (1/codes.lookup(""Opaque Envelope Requirements | Climate Zone #{climate_zone}"", ""Roofs | Metal Buildings"", ""Maximum U-Factor"")-0.78)['R-IP']","%= (codes.lookup(""Fenestration Requirements | Climate Zone #{climate_zone}"", ""Fixed Window"", ""U-Factor""))['U-IP']","%= (codes.lookup(""Fenestration Requirements | Climate Zone #{climate_zone}"", ""Fixed Window"", ""SHGC""))","%= (codes.lookup(""Fenestration Requirements | Climate Zone #{climate_zone}"", ""Fixed Window"", ""VT""))","%= ((1/codes.lookup(""Opaque Envelope Requirements | Climate Zone #{climate_zone}"", ""Floors | Other"", ""Maximum U-Factor""))-4.261)['R-IP']"
,OfS&0&cNCGF&Ex&WaterHtg_eq__Boiler_Et,OfS/templates/root.pxt,Wood Frame,"%= codes.lookup(""Opaque Envelope Requirements | Climate Zone #{climate_zone}"", ""Walls Above Grade | Wood Framed and Other"", ""Cavity R-Value"")['R-IP']","%= (1/codes.lookup(""Opaque Envelope Requirements | Climate Zone #{climate_zone}"", ""Walls Above Grade | Wood Framed and Other"", ""Maximum U-Factor"")-1.49)['R-IP']","%= (1/codes.lookup(""Opaque Envelope Requirements | Climate Zone #{climate_zone}"", ""Roofs | Wood Framed and Other"", ""Maximum U-Factor"")-0.78)['R-IP']","%= (codes.lookup(""Fenestration Requirements | Climate Zone #{climate_zone}"", ""Fixed Window"", ""U-Factor""))['U-IP']","%= (codes.lookup(""Fenestration Requirements | Climate Zone #{climate_zone}"", ""Fixed Window"", ""SHGC""))","%= (codes.lookup(""Fenestration Requirements | Climate Zone #{climate_zone}"", ""Fixed Window"", ""VT""))","%= ((1/codes.lookup(""Opaque Envelope Requirements | Climate Zone #{climate_zone}"", ""Floors | Other"", ""Maximum U-Factor""))-4.261)['R-IP']"
#,Rel&0&cNCGF&Ex&WaterHtg_eq__Boiler_Et,Rel/templates/root.pxt,steel-frame,"%= codes.lookup(""Opaque Envelope Requirements | Climate Zone #{climate_zone}"", ""Walls Above Grade | Metal Framed"", ""Cavity R-Value"")['R-IP']","%= (1/codes.lookup(""Opaque Envelope Requirements | Climate Zone #{climate_zone}"", ""Walls Above Grade | Metal Framed"", ""Maximum U-Factor"")-1.49)['R-IP']","%= (1/codes.lookup(""Opaque Envelope Requirements | Climate Zone #{climate_zone}"", ""Roofs | Wood Framed and Other"", ""Maximum U-Factor"")-0.78)['R-IP']","%= (codes.lookup(""Fenestration Requirements | Climate Zone #{climate_zone}"", ""Fixed Window"", ""U-Factor""))['U-IP']","%= (codes.lookup(""Fenestration Requirements | Climate Zone #{climate_zone}"", ""Fixed Window"", ""SHGC""))","%= (codes.lookup(""Fenestration Requirements | Climate Zone #{climate_zone}"", ""Fixed Window"", ""VT""))","%= ((1/codes.lookup(""Opaque Envelope Requirements | Climate Zone #{climate_zone}"", ""Floors | Other"", ""Maximum U-Factor""))-4.261)['R-IP']"
,RFF&0&cNCGF&Ex&WaterHtg_eq__Boiler_Et,RFF/templates/root.pxt,Mass Heavy,"%= codes.lookup(""Opaque Envelope Requirements | Climate Zone #{climate_zone}"", ""Walls Above Grade | Mass Heavy"", ""Cavity R-Value"")['R-IP']","%= (1/codes.lookup(""Opaque Envelope Requirements | Climate Zone #{climate_zone}"", ""Walls Above Grade | Mass Heavy"", ""Maximum U-Factor"")-1.49)['R-IP']","%= (1/codes.lookup(""Opaque Envelope Requirements | Climate Zone #{climate_zone}"", ""Roofs | Wood Framed and Other"", ""Maximum U-Factor"")-0.78)['R-IP']","%= (codes.lookup(""Fenestration Requirements | Climate Zone #{climate_zone}"", ""Fixed Window"", ""U-Factor""))['U-IP']","%= (codes.lookup(""Fenestration Requirements | Climate Zone #{climate_zone}"", ""Fixed Window"", ""SHGC""))","%= (codes.lookup(""Fenestration Requirements | Climate Zone #{climate_zone}"", ""Fixed Window"", ""VT""))","%= ((1/codes.lookup(""Opaque Envelope Requirements | Climate Zone #{climate_zone}"", ""Floors | Other"", ""Maximum U-Factor""))-4.261)['R-IP']"
,RSD&0&cNCGF&Ex&WaterHtg_eq__Boiler_Et,RSD/templates/root.pxt,Wood Frame,"%= codes.lookup(""Opaque Envelope Requirements | Climate Zone #{climate_zone}"", ""Walls Above Grade | Wood Framed and Other"", ""Cavity R-Value"")['R-IP']","%= (1/codes.lookup(""Opaque Envelope Requirements | Climate Zone #{climate_zone}"", ""Walls Above Grade | Wood Framed and Other"", ""Maximum U-Factor"")-1.49)['R-IP']","%= (1/codes.lookup(""Opaque Envelope Requirements | Climate Zone #{climate_zone}"", ""Roofs | Wood Framed and Other"", ""Maximum U-Factor"")-0.78)['R-IP']","%= (codes.lookup(""Fenestration Requirements | Climate Zone #{climate_zone}"", ""Fixed Window"", ""U-Factor""))['U-IP']","%= (codes.lookup(""Fenestration Requirements | Climate Zone #{climate_zone}"", ""Fixed Window"", ""SHGC""))","%= (codes.lookup(""Fenestration Requirements | Climate Zone #{climate_zone}"", ""Fixed Window"", ""VT""))","%= ((1/codes.lookup(""Opaque Envelope Requirements | Climate Zone #{climate_zone}"", ""Floors | Other"", ""Maximum U-Factor""))-4.261)['R-IP']"
,Rt3&0&cNCGF&Ex&WaterHtg_eq__Boiler_Et,Rt3/templates/root.pxt,Mass Heavy,"%= codes.lookup(""Opaque Envelope Requirements | Climate Zone #{climate_zone}"", ""Walls Above Grade | Mass Heavy"", ""Cavity R-Value"")['R-IP']","%= (1/codes.lookup(""Opaque Envelope Requirements | Climate Zone #{climate_zone}"", ""Walls Above Grade | Mass Heavy"", ""Maximum U-Factor"")-1.49)['R-IP']","%= (1/codes.lookup(""Opaque Envelope Requirements | Climate Zone #{climate_zone}"", ""Roofs | Metal Buildings"", ""Maximum U-Factor"")-0.78)['R-IP']","%= (codes.lookup(""Fenestration Requirements | Climate Zone #{climate_zone}"", ""Fixed Window"", ""U-Factor""))['U-IP']","%= (codes.lookup(""Fenestration Requirements | Climate Zone #{climate_zone}"", ""Fixed Window"", ""SHGC""))","%= (codes.lookup(""Fenestration Requirements | Climate Zone #{climate_zone}"", ""Fixed Window"", ""VT""))","%= ((1/codes.lookup(""Opaque Envelope Requirements | Climate Zone #{climate_zone}"", ""Floors | Other"", ""Maximum U-Factor""))-4.261)['R-IP']"
,RtL&0&cNCGF&Ex&WaterHtg_eq__Boiler_Et,RtL/templates/root.pxt,Mass Heavy,"%= codes.lookup(""Opaque Envelope Requirements | Climate Zone #{climate_zone}"", ""Walls Above Grade | Mass Heavy"", ""Cavity R-Value"")['R-IP']","%= (1/codes.lookup(""Opaque Envelope Requirements | Climate Zone #{climate_zone}"", ""Walls Above Grade | Metal Framed"", ""Maximum U-Factor"")-1.49)['R-IP']","%= (1/codes.lookup(""Opaque Envelope Requirements | Climate Zone #{climate_zone}"", ""Roofs | Metal Buildings"", ""Maximum U-Factor"")-0.78)['R-IP']","%= (codes.lookup(""Fenestration Requirements | Climate Zone #{climate_zone}"", ""Fixed Window"", ""U-Factor""))['U-IP']","%= (codes.lookup(""Fenestration Requirements | Climate Zone #{climate_zone}"", ""Fixed Window"", ""SHGC""))","%= (codes.lookup(""Fenestration Requirements | Climate Zone #{climate_zone}"", ""Fixed Window"", ""VT""))","%= ((1/codes.lookup(""Opaque Envelope Requirements | Climate Zone #{climate_zone}"", ""Floors | Other"", ""Maximum U-Factor""))-4.261)['R-IP']"
,RtS&0&cNCGF&Ex&WaterHtg_eq__Boiler_Et,RtS/templates/root.pxt,Mass Heavy,"%= codes.lookup(""Opaque Envelope Requirements | Climate Zone #{climate_zone}"", ""Walls Above Grade | Mass Heavy"", ""Cavity R-Value"")['R-IP']","%= (1/codes.lookup(""Opaque Envelope Requirements | Climate Zone #{climate_zone}"", ""Walls Above Grade | Mass Heavy"", ""Maximum U-Factor"")-1.49)['R-IP']","%= (1/codes.lookup(""Opaque Envelope Requirements | Climate Zone #{climate_zone}"", ""Roofs | Wood Framed and Other"", ""Maximum U-Factor"")-0.78)['R-IP']","%= (codes.lookup(""Fenestration Requirements | Climate Zone #{climate_zone}"", ""Fixed Window"", ""U-Factor""))['U-IP']","%= (codes.lookup(""Fenestration Requirements | Climate Zone #{climate_zone}"", ""Fixed Window"", ""SHGC""))","%= (codes.lookup(""Fenestration Requirements | Climate Zone #{climate_zone}"", ""Fixed Window"", ""VT""))","%= ((1/codes.lookup(""Opaque Envelope Requirements | Climate Zone #{climate_zone}"", ""Floors | Other"", ""Maximum U-Factor""))-4.261)['R-IP']"
,SCn&0&cNCGF&Ex&WaterHtg_eq__Boiler_Et,SCn/templates/root.pxt,Mass Heavy,"%= codes.lookup(""Opaque Envelope Requirements | Climate Zone #{climate_zone}"", ""Walls Above Grade | Mass Heavy"", ""Cavity R-Value"")['R-IP']","%= (1/codes.lookup(""Opaque Envelope Requirements | Climate Zone #{climate_zone}"", ""Walls Above Grade | Metal Framed"", ""Maximum U-Factor"")-1.49)['R-IP']","%= (1/codes.lookup(""Opaque Envelope Requirements | Climate Zone #{climate_zone}"", ""Roofs | Metal Buildings"", ""Maximum U-Factor"")-0.78)['R-IP']","%= (codes.lookup(""Fenestration Requirements | Climate Zone #{climate_zone}"", ""Fixed Window"", ""U-Factor""))['U-IP']","%= (codes.lookup(""Fenestration Requirements | Climate Zone #{climate_zone}"", ""Fixed Window"", ""SHGC""))","%= (codes.lookup(""Fenestration Requirements | Climate Zone #{climate_zone}"", ""Fixed Window"", ""VT""))","%= ((1/codes.lookup(""Opaque Envelope Requirements | Climate Zone #{climate_zone}"", ""Floors | Other"", ""Maximum U-Factor""))-4.261)['R-IP']"
,SUn&0&cNCGF&Ex&WaterHtg_eq__Boiler_Et,SUn/templates/root.pxt,Mass Heavy,"%= codes.lookup(""Opaque Envelope Requirements | Climate Zone #{climate_zone}"", ""Walls Above Grade | Mass Heavy"", ""Cavity R-Value"")['R-IP']","%= (1/codes.lookup(""Opaque Envelope Requirements | Climate Zone #{climate_zone}"", ""Walls Above Grade | Mass Heavy"", ""Maximum U-Factor"")-1.49)['R-IP']","%= (1/codes.lookup(""Opaque Envelope Requirements | Climate Zone #{climate_zone}"", ""Roofs | Wood Framed and Other"", ""Maximum U-Factor"")-0.78)['R-IP']","%= (codes.lookup(""Fenestration Requirements | Climate Zone #{climate_zone}"", ""Fixed Window"", ""U-Factor""))['U-IP']","%= (codes.lookup(""Fenestration Requirements | Climate Zone #{climate_zone}"", ""Fixed Window"", ""SHGC""))","%= (codes.lookup(""Fenestration Requirements | Climate Zone #{climate_zone}"", ""Fixed Window"", ""VT""))","%= ((1/codes.lookup(""Opaque Envelope Requirements | Climate Zone #{climate_zone}"", ""Floors | Other"", ""Maximum U-Factor""))-4.261)['R-IP']"
,WRf&0&cNCGF&Ex&WaterHtg_eq__Boiler_Et,WRf/templates/root.pxt,Mass Heavy,"%= codes.lookup(""Opaque Envelope Requirements | Climate Zone #{climate_zone}"", ""Walls Above Grade | Mass Heavy"", ""Cavity R-Value"")['R-IP']","%= (1/codes.lookup(""Opaque Envelope Requirements | Climate Zone #{climate_zone}"", ""Walls Above Grade | Mass Heavy"", ""Maximum U-Factor"")-1.49)['R-IP']","%= (1/codes.lookup(""Opaque Envelope Requirements | Climate Zone #{climate_zone}"", ""Roofs | Wood Framed and Other"", ""Maximum U-Factor"")-0.78)['R-IP']","%= (codes.lookup(""Fenestration Requirements | Climate Zone #{climate_zone}"", ""Fixed Window"", ""U-Factor""))['U-IP']","%= (codes.lookup(""Fenestration Requirements | Climate Zone #{climate_zone}"", ""Fixed Window"", ""SHGC""))","%= (codes.lookup(""Fenestration Requirements | Climate Zone #{climate_zone}"", ""Fixed Window"", ""VT""))","%= ((1/codes.lookup(""Opaque Envelope Requirements | Climate Zone #{climate_zone}"", ""Floors | Other"", ""Maximum U-Factor""))-4.261)['R-IP']"
